L,T,avg_energy,std_energy,specific_heat,avg_magnetization,avg_abs_magnetization,std_magnetization,susceptibility
10,0.015,-200.0,0.0,0.0,1.0,1.0,0.0,0.0
10,0.03,-200.0,0.0,0.0,1.0,1.0,0.0,0.0
10,0.045,-200.0,0.0,0.0,1.0,1.0,0.0,0.0
10,0.06,-200.0,0.0,0.0,1.0,1.0,0.0,0.0
10,0.075,-200.0,0.0,0.0,1.0,1.0,0.0,0.0
10,0.09,-200.0,0.0,0.0,1.0,1.0,0.0,0.0
10,0.105,-200.0,0.0,0.0,1.0,1.0,0.0,0.0
10,0.12,-200.0,0.0,0.0,1.0,1.0,0.0,0.0
10,0.135,-200.0,0.0,0.0,1.0,1.0,0.0,0.0
10,0.15,-200.0,0.0,0.0,1.0,1.0,0.0,0.0
10,0.165,-200.0,0.0,0.0,1.0,1.0,0.0,0.0
10,0.18,-200.0,0.0,0.0,1.0,1.0,0.0,0.0
10,0.195,-200.0,0.0,0.0,1.0,1.0,0.0,0.0
10,0.21,-200.0,0.0,0.0,1.0,1.0,0.0,0.0
10,0.225,-200.0,0.0,0.0,1.0,1.0,0.0,0.0
10,0.24,-200.0,0.0,0.0,1.0,1.0,0.0,0.0
10,0.255,-200.0,0.0,0.0,1.0,1.0,0.0,0.0
10,0.27,-200.0,0.0,0.0,1.0,1.0,0.0,0.0
10,0.285,-200.0,0.0,0.0,1.0,1.0,0.0,0.0
10,0.3,-200.0,0.0,0.0,1.0,1.0,0.0,0.0
10,0.315,-200.0,0.0,0.0,1.0,1.0,0.0,0.0
10,0.33,-200.0,0.0,0.0,1.0,1.0,0.0,0.0
10,0.345,-200.0,0.0,0.0,1.0,1.0,0.0,0.0
10,0.36,-200.0,0.0,0.0,1.0,1.0,0.0,0.0
10,0.375,-200.0,0.0,0.0,1.0,1.0,0.0,0.0
10,0.39,-200.0,0.0,0.0,1.0,1.0,0.0,0.0
10,0.405,-200.0,0.0,0.0,1.0,1.0,0.0,0.0
10,0.42,-200.0,0.0,0.0,1.0,1.0,0.0,0.0
10,0.435,-200.0,0.0,0.0,1.0,1.0,0.0,0.0
10,0.45,-199.99973333333332,0.04618725172839603,0.00010534628282910512,0.9999993333333334,0.9999993333333334,0.00011546812932099018,2.962864200897444e-10
10,0.465,-200.0,0.0,0.0,1.0,1.0,0.0,0.0
10,0.48,-200.0,0.0,0.0,1.0,1.0,0.0,0.0
10,0.495,-199.9992,0.07999599989999501,0.0002611717170854308,0.999998,0.999998,0.00019998999974998768,8.079999968765261e-10
10,0.51,-199.99946666666668,0.06531754911371235,0.00016402853582788766,-0.9999986666666666,0.9999986666666666,0.000163293872784281,5.228409600690878e-10
10,0.525,-200.0,0.0,0.0,1.0,1.0,0.0,0.0
10,0.54,-200.0,0.0,0.0,1.0,1.0,0.0,0.0
10,0.555,-199.99946666666668,0.06531754911371233,0.0001385076606406414,0.9999986666666666,0.9999986666666666,0.00016329387278428097,4.804484497932159e-10
10,0.57,-199.99946666666668,0.06531754911371235,0.00013131370319739483,-0.9999986666666666,0.9999986666666666,0.00016329387278428097,4.678050695354997e-10
10,0.585,-199.99946666666668,0.06531754911371233,0.000124666000931649,-0.9999986666666666,0.9999986666666666,0.00016329387278428097,4.5581006775253813e-10
10,0.6,-199.99973333333332,0.04618725172839603,5.925728409137163e-05,0.9999993333333334,0.9999993333333334,0.00011546812932099018,2.222148150673083e-10
10,0.615,-199.99893333333333,0.09236988446217499,0.0002255851822524871,0.9999973333333333,0.9999973333333333,0.0002309247111554377,8.670930459640373e-10
10,0.63,-199.99866666666668,0.10327094891056673,0.00026870468337576655,-0.9999966666666668,0.9999966666666668,0.0002581773722764171,1.058024689024183e-09
10,0.645,-199.99733333333333,0.14603500341432604,0.0005126187662799357,0.9999933333333333,0.9999933333333333,0.0003650875085358154,2.066494401954311e-09
10,0.66,-199.99546666666666,0.1903841263224315,0.0008320963166387819,-0.9999886666666666,0.9999886666666666,0.0004759603158060791,3.432397305774321e-09
10,0.675,-199.99466666666666,0.20649024728113002,0.0009358183205171151,0.9999866666666667,0.9999866666666667,0.0005162256182028256,3.947983536797303e-09
10,0.69,-199.99306666666666,0.23541154507703216,0.0011640116688770939,0.9999826666666667,0.9999826666666667,0.000588528862692581,5.019800320987248e-09
10,0.705,-199.988,0.30960620148827767,0.0019285951410877213,-0.9999699999999999,0.9999699999999999,0.0007740155037206947,8.49787234276357e-09
10,0.72,-199.98773333333332,0.3180925371998253,0.0019518299041010325,-0.9999686666666666,0.9999686666666666,0.0008240256198821875,9.43080864173545e-09
10,0.735,-199.98453333333333,0.35141729547015116,0.0022859755760329683,-0.9999613333333334,0.9999613333333334,0.0008785432386753787,1.050120029935143e-08
10,0.75,-199.97866666666667,0.4125670315906925,0.0030259832098252244,-0.9999466666666668,0.9999466666666668,0.0010314175789767322,1.4184296294554126e-08
10,0.765,-199.97973333333334,0.4021474798572727,0.002763425956662499,-0.9999493333333335,0.9999493333333335,0.0010053686996431826,1.3212630352192657e-08
10,0.78,-199.9712,0.4824630141264716,0.0038259460880411687,-0.9999273333333333,0.9999273333333333,0.0012253106635552573,1.9248541312137764e-08
10,0.795,-199.96773333333334,0.5112326889218081,0.004135261456728969,-0.9999193333333334,0.9999193333333334,0.0012780817223045217,2.0547080361392633e-08
10,0.81,-199.95653333333334,0.5943994018241344,0.005385012176239179,-0.9998906666666667,0.9998906666666667,0.0015015701411818544,2.783596158785604e-08
10,0.825,-199.9516,0.6276337360807388,0.005787682007887907,-0.9998780000000002,0.9998780000000002,0.0015911576498470132,3.068827474294482e-08
10,0.84,-199.93586666666667,0.7219558496811899,0.0073869082892721195,-0.999838,0.999838,0.0018367787019671164,4.016376190360152e-08
10,0.855,-199.932,0.7409291464101003,0.0075096747717998125,-0.9998280000000002,0.9998280000000002,0.0018895544448361383,4.175925145768335e-08
10,0.87,-199.91613333333333,0.8274658395097381,0.00904610537127345,-0.9997886666666668,0.9997886666666668,0.0020965061941769286,5.052112898654946e-08
10,0.885,-199.88626666666667,0.9590957871291527,0.011744578235969874,-0.9997106666666666,0.9997106666666666,0.0024865544210591686,6.986387445210352e-08
10,0.9,-199.88613333333333,0.9682119510841738,0.011573263978025801,-0.9997093333333333,0.9997093333333333,0.002518368431257739,7.046866172810695e-08
10,0.915,-199.86573333333334,1.0387680823402734,0.012888281273049283,-0.9996613333333332,0.9996613333333332,0.00263665916560248,7.597783121046506e-08
10,0.93,-199.85533333333333,1.0846220027681943,0.013601628961581583,0.9996346666666667,0.9996346666666667,0.002761617561422213,8.200571565178125e-08
10,0.945,-199.8284,1.198173654637201,0.016075922921187827,-0.9995600000000001,0.9995600000000001,0.003140021231350729,1.0433580246685084e-07
10,0.96,-199.7948,1.2969809661928993,0.0182526001157473,-0.9994793333333334,0.9994793333333334,0.0033279983306619774,1.1537055092519788e-07
10,0.975,-199.7624,1.3986944770034664,0.020579579118963756,0.9993946666666667,0.9993946666666667,0.0036120499565882123,1.3381440911694964e-07
10,0.99,-199.74226666666667,1.4489445108614603,0.02142067335531122,-0.9993486666666667,0.9993486666666667,0.003689954591710975,1.3753297867348258e-07
10,1.005,-199.7024,1.5615273207130682,0.024141655635515014,-0.9992433333333335,0.9992433333333335,0.004016730289952545,1.605385295711468e-07
10,1.02,-199.6564,1.6843809070397349,0.027269694732854195,-0.999122,0.999122,0.004380538323083139,1.8812858823492574e-07
10,1.035,-199.64626666666666,1.7276398338645573,0.02786286163557583,-0.9990946666666668,0.9990946666666668,0.004493740634358966,1.9510825979317511e-07
10,1.05,-199.58,1.8686537043194136,0.03167226001508893,-0.9989246666666668,0.9989246666666668,0.00488026552100965,2.268284910038398e-07
10,1.065,-199.51653333333334,1.9986311938146288,0.035218115002637725,-0.9987613333333335,0.9987613333333335,0.0052088743079052695,2.547640521621767e-07
10,1.08,-199.4808,2.0754512826531646,0.03692985276636082,-0.998666,0.998666,0.00544246672015549,2.7426337036841996e-07
10,1.095,-199.41973333333334,2.1953490069285615,0.04019563613953645,0.9985100000000001,0.9985100000000001,0.005771761718343316,3.0423044139826365e-07
10,1.11,-199.33266666666665,2.3499218899548318,0.0448188693198174,-0.9982800000000001,0.9982800000000001,0.006224810572753739,3.4908348348197793e-07
10,1.125,-199.29613333333333,2.408880455499793,0.04584853371961709,0.9981886666666666,0.9981886666666666,0.006352878997396032,3.5874730271581416e-07
10,1.14,-199.24506666666667,2.521310967642737,0.04891512000272215,-0.998046,0.998046,0.0066979014623985075,3.9352529824456535e-07
10,1.155,-199.1344,2.690143113912963,0.05424838345109163,-0.9977566666666668,0.9977566666666668,0.007188471480239892,4.4739499759365676e-07
10,1.17,-199.0584,2.8191351108688165,0.0580577308300633,-0.997558,0.997558,0.007534584881287981,4.852134131064863e-07
10,1.185,-198.9248,3.0082904824279626,0.06444701972025912,-0.9972166666666666,0.9972166666666666,0.00803656573972297,5.450328176273684e-07
10,1.2,-198.83066666666667,3.1681949996102756,0.06970458024690945,-0.9969339999999999,0.9969339999999999,0.008661003252125788,6.251081444474949e-07
10,1.215,-198.77666666666667,3.2095672951695877,0.06978151855050309,-0.9968020000000001,0.9968020000000001,0.008690193476940937,6.21559363510161e-07
10,1.23,-198.65253333333334,3.3901524423279588,0.07596756945084562,-0.9964639999999999,0.9964639999999999,0.009301077213599157,7.033336368587015e-07
10,1.245,-198.5572,3.5031311936608933,0.07917245308946785,-0.9962026666666667,0.9962026666666667,0.009622556463273627,7.437236376612312e-07
10,1.26,-198.39946666666665,3.695676715058045,0.0860293926821946,-0.995788,0.995788,0.010172793257835669,8.213152592587896e-07
10,1.275,-198.268,3.8201801004664686,0.08977332410607766,-0.9954473333333334,0.9954473333333334,0.010464219650260072,8.588226893228612e-07
10,1.29,-198.1004,4.028107889981764,0.09750407531596172,-0.9949846666666667,0.9949846666666667,0.011089023020787528,9.532281515914235e-07
10,1.305,-197.98746666666668,4.179295345177488,0.10256167456273496,0.9946533333333335,0.9946533333333335,0.011717785152872922,1.052157002978203e-06
10,1.32,-197.826,4.37442460978203,0.1098231787573015,-0.9942346666666667,0.9942346666666667,0.01222405817321819,1.1320272592584717e-06
10,1.335,-197.6808,4.460849473661566,0.11165356802120256,-0.993818,0.993818,0.01255744968800062,1.1811950761542677e-06
10,1.35,-197.45506666666665,4.721311363970348,0.12230881204699587,-0.9932166666666666,0.9932166666666666,0.013287577740966276,1.3078497942384557e-06
10,1.365,-197.24146666666667,4.9589878519265955,0.1319838479816087,-0.9925826666666667,0.9925826666666667,0.014201285137463998,1.4774835132262347e-06
10,1.38,-197.1392,5.033046462465187,0.13301594566970132,-0.9923420000000001,0.9923420000000001,0.014312059111113265,1.4843118550708192e-06
10,1.395,-196.91986666666668,5.219269934472529,0.1399816479689822,-0.9916886666666668,0.9916886666666668,0.015055510781401247,1.6248631174810614e-06
10,1.41,-196.64653333333334,5.432997452194833,0.14847070728612297,-0.9909433333333333,0.9909433333333333,0.015699366936988972,1.7480150512222836e-06
10,1.425,-196.47026666666667,5.620360243100278,0.15556023028483124,-0.9904173333333335,0.9904173333333335,0.016496034863633824,1.9096081840136156e-06
10,1.44,-196.16906666666668,5.825937675220663,0.1636841714677314,-0.9895860000000001,0.9895860000000001,0.0170595604867183,2.0210319722213654e-06
10,1.455,-195.95293333333333,6.018143517361111,0.1710799418785967,-0.9889260000000001,0.9889260000000001,0.0178465643005407,2.189002455897739e-06
10,1.47,-195.63426666666666,6.2870108792299355,0.182916867025601,-0.9880280000000001,0.9880280000000001,0.018729777076445242,2.3864255056667066e-06
10,1.485,-195.48933333333332,6.3732372377692705,0.18419051520317392,-0.987654,0.987654,0.01891215527996039,2.408549611672057e-06
10,1.5,-195.08053333333334,6.673843049464746,0.19795636021726143,-0.9863793333333335,0.9863793333333335,0.020192014252064006,2.718116263700221e-06
10,1.515,-194.86746666666667,6.839066816134754,0.203783223499041,-0.9857593333333335,0.9857593333333335,0.02090398876344471,2.884334958559633e-06
10,1.53,-194.49986666666666,7.0891278247437155,0.21468551973837594,-0.9846673333333333,0.9846673333333333,0.021907441647886588,3.1368365984014726e-06
10,1.545,-194.11453333333333,7.398789233081016,0.22933183404260027,-0.983506,0.983506,0.0232663124996922,3.5036977173684086e-06
10,1.56,-193.81666666666666,7.599964181202142,0.23734161553071653,0.9826373333333335,0.9826373333333335,0.02393667631248936,3.672849185182434e-06
10,1.575,-193.49986666666666,7.8025295032373245,0.245419870592654,-0.9817006666666667,0.9817006666666667,0.024600292672152416,3.8423771400351836e-06
10,1.59,-193.07693333333333,8.08430256292334,0.2585180488465202,-0.9803273333333333,0.9803273333333333,0.02594685953165731,4.234210814814827e-06
10,1.605,-192.72133333333332,8.269797149198334,0.2654847871775092,-0.9793293333333334,0.9793293333333334,0.02647823394580706,4.368204815505685e-06
10,1.62,-192.2492,8.586704802192749,0.28094611857948926,-0.9778506666666668,0.9778506666666668,0.02784469487871773,4.785969338818009e-06
10,1.635,-191.79906666666668,8.827511491291807,0.29150168477731064,-0.976392,0.976392,0.02917799974866909,5.2070683139641744e-06
10,1.65,-191.41186666666667,9.122819329327724,0.3056963545107668,-0.975142,0.975142,0.030376523325313803,5.5923222383838425e-06
10,1.665,-190.96386666666666,9.324034948216118,0.31360235087539207,-0.9736406666666667,0.9736406666666667,0.0317250512931903,6.044918195527963e-06
10,1.68,-190.42053333333334,9.614833247759538,0.3275404562862073,-0.9721026666666667,0.9721026666666667,0.03246545024415272,6.273842021163534e-06
10,1.695,-189.93426666666667,9.830453319263675,0.33636258808127534,0.9705486666666666,0.9705486666666666,0.03356891863349522,6.6482141488033635e-06
10,1.71,-189.48386666666667,10.169720073936263,0.35369244000622446,-0.9690486666666668,0.9690486666666668,0.03510178008148431,7.205467630926891e-06
10,1.725,-188.87866666666667,10.446980978041243,0.36677811066768223,-0.9669946666666666,0.9669946666666666,0.03662541883567871,7.776355390661584e-06
10,1.74,-188.46333333333334,10.640012009182863,0.3739260653836354,-0.3495406666666667,0.9656286666666668,0.9009538661956498,8.378303323114208e-06
10,1.755,-187.86053333333334,10.981961681877342,0.39156656969416326,-0.9637253333333334,0.9637253333333334,0.038983952573106564,8.659535944284334e-06
10,1.77,-187.23013333333333,11.343901679561384,0.4107507590908058,0.044128000000000035,0.9613066666666666,0.961225134719229,1.0116003515379513e-05
10,1.785,-186.5936,11.67884293812248,0.4280782818957494,-0.9591573333333334,0.9591573333333334,0.04396585697510689,1.0829112490506265e-05
10,1.8,-186.02613333333332,11.842493419133584,0.4328538592044087,-0.9573233333333333,0.9573233333333333,0.04459232507456362,1.1047085864197682e-05
10,1.815,-185.24786666666665,12.3619050088928,0.4638927075378626,-0.8874106666666669,0.9544186666666669,0.3545134722680586,1.246557604162647e-05
10,1.83,-184.51013333333333,12.577695760706288,0.4723892342228446,0.6308126666666667,0.951714,0.714358084510998,1.3511232444444133e-05
10,1.845,-183.8072,12.943493661295625,0.49216450572484094,0.42708866666666667,0.9491100000000001,0.8491902991310146,1.473767606142589e-05
10,1.86,-182.94506666666666,13.377659822588138,0.5172903871224601,0.09188066666666664,0.945806,0.9429767528556695,1.6657116652328747e-05
10,1.875,-182.37546666666665,13.54119977878212,0.5215689712324076,0.542018,0.9437673333333334,0.7746341723738589,1.6772447286517315e-05
10,1.89,-181.41253333333333,14.157267259216692,0.5610935199151653,-0.020829333333333314,0.9398693333333334,0.9416663982215546,2.0185729768370385e-05
10,1.905,-180.65293333333332,14.519424164278082,0.5809099635914051,0.2755533333333334,0.9368279999999999,0.8976749600062498,2.1539484248469545e-05
10,1.92,-179.80346666666668,14.734876132797618,0.5889664025848637,-0.11349933333333335,0.9337833333333333,0.9292098119726363,2.2716977719907522e-05
10,1.935,-178.89946666666665,15.306034530500996,0.625696086770677,-0.16385733333333335,0.9300600000000001,0.9181468297497714,2.4967561068042788e-05
10,1.95,-177.89426666666665,15.556812670409776,0.6364613292892217,0.1985426666666667,0.9260933333333332,0.9074365117440572,2.6724878404558686e-05
10,1.965,-176.9876,15.971578284774072,0.6606486617761775,0.024251333333333347,0.9220806666666667,0.924899255503839,2.948602625727961e-05
10,1.98,-176.0492,16.36168632384816,0.6828506768696967,-0.15364466666666668,0.9179779999999998,0.9085441668249021,3.2199889811449425e-05
10,1.995,-175.02746666666667,16.714075273519885,0.7019059233268277,-0.3137526666666667,0.9133766666666667,0.8619944300822883,3.6181444221664815e-05
10,2.01,-173.92826666666667,17.331872018400734,0.7435305751397704,0.10684066666666665,0.9079233333333333,0.9061446197744719,4.07374168601439e-05
10,2.025,-172.6952,17.716580660311777,0.7654375376761643,-0.053770666666666675,0.9025186666666666,0.905981925172658,4.520785013113921e-05
10,2.04,-171.58893333333333,18.231901277583624,0.7987366017770983,0.10848733333333337,0.8974726666666667,0.8964067855459869,4.8320780651415904e-05
10,2.055,-170.34213333333332,18.730346449426815,0.8307454445937686,0.013035333333333335,0.891206,0.8973378034041707,5.419425254176714e-05
10,2.07,-169.0272,19.11466610119047,0.8526930853929005,0.011331333333333332,0.8844193333333334,0.8913839656501693,6.036819400751362e-05
10,2.085,-167.58333333333334,19.845959846332004,0.906008136736012,0.07698333333333333,0.8769526666666667,0.8815910955325162,6.754586935038563e-05
10,2.1,-166.22453333333334,20.180485246450896,0.9234738883950536,-0.1682,0.8697413333333333,0.8623725335762188,7.394114170582127e-05
10,2.115,-164.74586666666667,20.779873666175696,0.9653061260773188,0.04577733333333334,0.8619733333333334,0.8708178277264552,8.236986267402078e-05
10,2.13,-163.4248,21.086155291090883,0.9800214793361031,-0.12153733333333333,0.8552826666666666,0.857170980574795,8.453039170370415e-05
10,2.145,-161.76306666666667,21.805989909400783,1.0334679683959247,-0.022082666666666667,0.844916,0.8572736839342627,0.00010033923672416454
10,2.16,-160.4856,22.135267319521276,1.0501758815729303,-0.064508,0.8378986666666668,0.8487174782788439,0.00010374289073250912
10,2.175,-158.82093333333333,22.81777527416339,1.100596366150824,-0.02385666666666666,0.8274833333333335,0.842318352003696,0.00011650887228607809
10,2.19,-157.0428,23.272897717301987,1.1293087470236243,0.05705333333333333,0.816972,0.8317872547445985,0.00012640123842922309
10,2.205,-155.50466666666668,23.657409936188895,1.151110997760984,0.003253333333333332,0.8079639999999999,0.8258736641615081,0.00013275314302645583
10,2.22,-153.83493333333334,24.117522392005544,1.1802103853763655,0.026584666666666663,0.7969339999999999,0.816395044590274,0.00014461177016816866
10,2.235,-152.13413333333332,24.739348042788478,1.2252407881171012,0.028218,0.7855353333333334,0.8071133074994282,0.00015732611521948757
10,2.25,-150.01413333333332,24.972065731844364,1.2318105025492525,0.0016093333333333363,0.7720679999999999,0.795908568898603,0.00016615130389333426
10,2.265,-148.05613333333332,25.31985352213204,1.2496430125037918,0.005022,0.7595166666666666,0.7850065092188727,0.00017392879936227668
10,2.28,-146.34466666666665,25.789354487634792,1.279414444615444,0.006645333333333327,0.747724,0.7754198859617213,0.00018521482378947265
10,2.295,-144.24106666666665,26.189616648503193,1.3022456134071125,0.005254000000000005,0.7330393333333334,0.7632536551832991,0.00019711147038295782
10,2.31,-142.38586666666666,26.425753352532617,1.3086719518916214,0.02297066666666667,0.72058,0.7524329262285702,0.0002054001021645021
10,2.325,-140.66373333333334,26.359362499794177,1.285357366438762,0.014425333333333332,0.7080386666666668,0.7417227265572733,0.00021093307457299747
10,2.34,-138.63786666666667,26.66160396742018,1.2981976881356494,0.023818000000000006,0.6923860000000001,0.7287691881128529,0.00022339082765242138
10,2.355,-136.47533333333334,26.940560342271198,1.3086738547978998,-0.028904666666666662,0.6769059999999999,0.7154903961001542,0.00023167836021514642
10,2.37,-134.48186666666666,27.096219991889807,1.3071358540278275,0.011000666666666669,0.6621366666666667,0.703871152034392,0.000241057586451008
10,2.385,-132.51466666666667,27.137745881991663,1.2947048535449144,0.0003073333333333309,0.6462286666666668,0.6903341018759604,0.0002471688764984853
10,2.4,-130.3276,27.19253595333347,1.28373960342593,-0.0069373333333333335,0.631556,0.6773079113221367,0.0002497131341555557
10,2.415,-128.8784,27.1263244857586,1.2616753985085754,-0.00020133333333333402,0.6194506666666667,0.6671870598252204,0.0002543249892321139
10,2.43,-126.95693333333334,27.16214053780658,1.2494400897484348,-0.017246666666666667,0.6041586666666667,0.65363422428416,0.00025731461793507076
10,2.445,-125.05533333333334,27.11170727850896,1.2295777812162971,-0.004143333333333332,0.5893459999999999,0.6415301235760917,0.0002627785642154062
10,2.46,-123.33733333333333,26.867424009176776,1.192839039078738,0.0034633333333333326,0.5777246666666666,0.6304827081865308,0.00025916524197109356
10,2.475,-121.4024,26.928392839281493,1.1837785383641108,0.019790666666666668,0.5603906666666667,0.615638949530937,0.00026410217123052726
10,2.49,-119.5584,26.919755870116404,1.1688089806723498,0.009531333333333331,0.5469553333333333,0.6039722237141557,0.0002639082597251226
10,2.505,-118.0316,26.598928576918283,1.1274903310186044,-0.009763999999999998,0.5331133333333333,0.5917143209669117,0.0002635183519183855
10,2.52,-116.34306666666667,26.48622607939623,1.1046865897091316,0.003874666666666667,0.5205786666666666,0.580735694579059,0.00026296353893474417
10,2.535,-114.6772,26.26129344669324,1.0731892106070586,0.005683333333333335,0.509274,0.5697144604000226,0.00025738406150164366
10,2.55,-113.1956,25.993853260081824,1.0391086617557352,0.005056666666666668,0.49662333333333336,0.5579617102653391,0.0002537729599564267
10,2.565,-111.43626666666667,25.717606253217962,1.0052783897731952,0.0014933333333333333,0.48247866666666667,0.5451804930071834,0.00025122158367078205
10,2.58,-110.242,25.469691190380253,0.974558574204273,-0.0026606666666666675,0.4717166666666667,0.5351453891416383,0.0002475622211455641
10,2.595,-108.7084,25.129616712291227,0.937771445913354,-0.0067853333333333325,0.461004,0.5242870326308756,0.00024045566596274902
10,2.61,-107.14413333333333,25.009731950760465,0.9181995159332526,-0.005894000000000002,0.44985,0.5139335567600154,0.00023677171455938688
10,2.625,-105.58253333333333,24.74155724516053,0.8883731953423051,-0.006300000000000001,0.43671999999999994,0.5020214238456362,0.00023367939657142867
10,2.64,-104.5104,24.41590243755082,0.8553378842975193,-0.0018426666666666674,0.4286266666666667,0.493600315281729,0.0002269842700336699
10,2.655,-102.84866666666667,24.11149169080079,0.8247438923192286,0.0005086666666666658,0.41621933333333333,0.4813457467609836,0.0002201711985921741
10,2.67,-102.38493333333334,23.941330226108064,0.8040332912448699,0.0038146666666666667,0.4126586666666667,0.47810195040899894,0.00021838521157885972
10,2.685,-100.87373333333333,23.674837346760285,0.7774732005112264,-0.0033873333333333333,0.4011193333333333,0.4662215846278343,0.00021034383771404924
10,2.7,-99.64693333333334,23.47515304732976,0.7559434987593349,0.004058666666666667,0.39108399999999993,0.4568829834412989,0.00020671051213827187
10,2.715,-98.8944,23.275785313783363,0.7349689935842851,0.006728666666666665,0.3849806666666667,0.4509188452980081,0.0002031785130493146
10,2.73,-97.6376,22.982077065400333,0.7086850303103475,-0.0031720000000000008,0.3776293333333333,0.44278887943277584,0.00019585399245258462
10,2.745,-96.41706666666667,22.494276058489984,0.6715206059642207,-0.0010246666666666674,0.368562,0.4336823761597369,0.0001903224243691561
10,2.76,-95.3256,22.518250035027144,0.6656579298466732,-0.0014693333333333338,0.3603026666666667,0.4257119852586827,0.00018628565842834124
10,2.775,-94.4476,22.40764573919655,0.6520283581830487,0.006159333333333333,0.35529799999999995,0.4201028079881823,0.00018121671301861867
10,2.79,-93.45853333333334,22.144161318856842,0.6299557823198018,-0.002156,0.3466706666666666,0.411486530760526,0.0001761478932122662
10,2.805,-92.51893333333334,21.903437512459597,0.6097598506133657,-0.001964000000000001,0.34263333333333335,0.40676362837730057,0.00017134725688255098
10,2.82,-91.75853333333333,21.860792007203724,0.6009433971910639,-0.003107333333333334,0.3357846666666666,0.3997784859305074,0.00016695443604570535
10,2.835,-90.94333333333333,21.4382770348324,0.5718388152903809,-0.00028666666666666565,0.32974400000000004,0.39309703359631476,0.00016153176177777768
10,2.85,-89.87693333333333,21.320732975100913,0.5596474664149659,-0.0012226666666666664,0.3228973333333333,0.3861224310408409,0.00015729592558908382
10,2.865,-89.03933333333333,21.269992623934364,0.5511698159129685,0.002597333333333333,0.31769733333333333,0.3810460346548986,0.00015452436670001943
10,2.88,-88.12813333333334,20.8732328237759,0.5252843466863856,-0.00020933333333333326,0.31038000000000004,0.3726384255274214,0.00014765172083333332
10,2.895,-87.78066666666666,20.715299327362427,0.5120180720403814,0.0008486666666666667,0.3106273333333333,0.3725976021101347,0.0001462533786513146
10,2.91,-86.76946666666667,20.64906586383241,0.5035178151520265,-0.0029946666666666676,0.301888,0.3638629668408455,0.00014181739561053844
10,2.925,-86.07493333333333,20.54268365287803,0.4932449139159585,0.0022666666666666673,0.29842666666666673,0.3592815918221002,0.00013685444315289632
10,2.94,-85.2324,20.286129667994004,0.4761060864763143,-0.0019459999999999998,0.29225933333333337,0.3530698699747686,0.00013349184380801206
10,2.955,-84.53146666666666,20.236078585426462,0.4689620981565636,-0.0024120000000000005,0.2883866666666667,0.3483498561159456,0.00012922697288964097
10,2.97,-83.88853333333333,20.293482743208198,0.46687462940163643,-9.00000000000001e-05,0.28426333333333337,0.344983910591011,0.0001286473534979423
10,2.985,-83.0832,19.90947540979755,0.4448677907609882,6.666666666666667e-05,0.2816426666666667,0.3406935214464102,0.0001231138636947701
10,3.0,-82.67266666666667,19.8686835553396,0.4386273180246897,-0.002212666666666667,0.27722466666666673,0.33643229745803077,0.00012112690286074067
10,3.015,-81.71306666666666,19.63099087146534,0.42394528473778786,0.0008146666666666671,0.27103333333333335,0.32950298377741927,0.00011646372213009024
10,3.03,-81.4792,19.665515520660357,0.42123593622992567,-0.004433333333333333,0.27140933333333334,0.32964433190266684,0.00011558420389292266
10,3.045,-80.37653333333333,19.516859958735395,0.410814059117496,-0.0004573333333333333,0.2648013333333334,0.3221856672472498,0.00011062091033898916
10,3.06,-80.06866666666667,19.47861951531017,0.40520378724232303,0.0026219999999999998,0.26289533333333337,0.3209038357244529,0.00011069343260856924
10,3.075,-79.40586666666667,19.441538148567933,0.39973392090128557,-0.0005006666666666675,0.2592406666666667,0.3164644308600187,0.00010713581597687444
10,3.09,-78.9068,19.33141434108396,0.39139051793201385,-0.001338,0.257962,0.31497696702457467,0.00010572131571521036
10,3.105,-78.41893333333333,19.065374238714075,0.37702266601551493,-0.0018366666666666668,0.25327533333333335,0.31045171388728965,0.0001038172158611559
10,3.12,-77.84906666666667,19.19204398864858,0.37838444327562143,-0.0005686666666666665,0.25170333333333333,0.30828477627818224,0.00010155531620370376
10,3.135,-77.17586666666666,18.905554851653758,0.36366689229122173,0.0009259999999999995,0.24870333333333333,0.30399966423884967,9.749060708842812e-05
10,3.15,-76.65893333333334,18.978161314053114,0.36298373077573354,-0.002326666666666666,0.24540933333333337,0.30089072206072126,9.623777496155204e-05
10,3.165,-76.1048,18.922091594042488,0.3574298773296343,-0.0020646666666666665,0.24369133333333334,0.2985450783687821,9.399039723503599e-05
10,3.18,-75.372,18.727299573973106,0.3468135648642592,-0.00018266666666666667,0.23924533333333337,0.2933799697199672,9.067141659818307e-05
10,3.195,-75.06266666666667,18.596783043192055,0.3387926063617147,0.0018239999999999997,0.23641733333333334,0.2903316833508416,8.889720761467578e-05
10,3.21,-74.53826666666667,18.529209436154822,0.33319902012683106,0.0012713333333333335,0.23526333333333338,0.28855127281800175,8.696142467981999e-05
10,3.225,-73.97493333333334,18.5317431720698,0.33019698815749493,0.0009193333333333337,0.23253933333333338,0.2853984258766837,8.489477556451332e-05
10,3.24,-73.74373333333334,18.518385298460075,0.32667523439854973,0.0006473333333333337,0.231318,0.28429106146029676,8.43018813045268e-05
10,3.255,-72.96466666666667,18.277536802193985,0.3153068082005986,0.0012593333333333334,0.22872866666666666,0.2807732194248985,8.146968882198333e-05
10,3.27,-72.53626666666666,18.31902157309597,0.3138405403543996,-0.0018273333333333336,0.225702,0.2778827225999406,8.03692778674821e-05
10,3.285,-72.13826666666667,18.208264121790656,0.3072319243912428,-0.00017800000000000034,0.2244566666666667,0.2757070576705162,7.803232305090473e-05
10,3.3,-71.50306666666667,18.09474299151245,0.3006609035159677,0.0012606666666666669,0.22029800000000002,0.27156287924939637,7.641447837171713e-05
10,3.315,-71.28346666666667,18.16821161577428,0.30037051140144555,-0.004276,0.22074800000000003,0.2714250955432579,7.52946822403217e-05
10,3.33,-70.79373333333334,18.130118239977243,0.2964236194713229,0.0014773333333333335,0.2175986666666667,0.2679164623899688,7.337007086553222e-05
10,3.345,-70.4388,17.982821095701308,0.28901700957858234,-0.0014920000000000003,0.21663333333333334,0.26708438230142423,7.296350440126221e-05
10,3.36,-69.83666666666667,18.017768698950736,0.28755667950050334,-0.0013419999999999999,0.21582333333333337,0.2658341820935249,7.169613726851849e-05
10,3.375,-69.37986666666667,17.955395697363198,0.2830364748632212,-0.0012626666666666667,0.212452,0.26235356361131357,7.020780551901233e-05
10,3.39,-68.90986666666667,17.74828093033864,0.27410262352591913,-0.0012913333333333331,0.21198866666666666,0.261348297216994,6.892449912946577e-05
10,3.405,-68.54253333333334,17.778595489583033,0.27262185270621875,-0.0011146666666666668,0.208792,0.25775577106676434,6.709304180910426e-05
10,3.42,-68.15453333333333,17.847296325089566,0.2723282258776679,-0.000826,0.20787,0.2568637467426392,6.657815721247565e-05
10,3.435,-67.81426666666667,17.629071722457642,0.2633937142444148,0.002109333333333333,0.20535466666666669,0.2538712614290077,6.48748982383956e-05
10,3.45,-67.60546666666667,17.731826662310407,0.2641610390944943,-0.00016733333333333333,0.20549800000000001,0.2540358216201452,6.465159032657002e-05
10,3.465,-67.0192,17.696889501453825,0.2608479334900584,-0.0011159999999999996,0.20389066666666666,0.251732254344439,6.291188854128586e-05
10,3.48,-66.6472,17.63040741143929,0.25666473897916947,-0.0023106666666666666,0.201192,0.2490859975046548,6.198549560153256e-05
10,3.495,-66.23826666666666,17.462455793183526,0.249641210172627,-0.00030866666666666683,0.19935933333333336,0.24738433942259877,6.138759049944361e-05
10,3.51,-66.00026666666666,17.551448181338834,0.2500412604298858,-0.0018180000000000002,0.19945933333333335,0.2464565713115937,5.971544448116491e-05
10,3.525,-65.57133333333333,17.39896486065255,0.24362877378178016,-0.003110666666666667,0.19703333333333337,0.24407125411695293,5.8888847911741514e-05
10,3.54,-65.042,17.520900928129617,0.2449663006586014,-0.0004926666666666664,0.19547133333333336,0.24219553521804557,5.776801651098554e-05
10,3.555,-64.8396,17.30731266950476,0.23701731230947823,-0.0004766666666666672,0.19528333333333334,0.24129544709523404,5.6506722144085e-05
10,3.57,-64.37813333333334,17.503125868890454,0.24037804547875755,-0.0025346666666666664,0.19398933333333337,0.240210578725325,5.6234412379707385e-05
10,3.585,-64.0032,17.310066139677225,0.23314125745542036,-0.0008173333333333332,0.192812,0.2381978420687774,5.456739931938633e-05
10,3.6,-63.732,17.305218172562864,0.2310729753086421,-0.0015413333333333331,0.1907346666666667,0.23605241852511394,5.3731685920987616e-05
10,3.615,-63.54213333333333,17.231798845416254,0.22721899221117534,-0.0021920000000000004,0.19086266666666668,0.236471778025765,5.39284900126018e-05
10,3.63,-62.91826666666667,17.22183070975776,0.22508439238026795,0.0006499999999999998,0.18947933333333333,0.23474171089376797,5.289717788674627e-05
10,3.645,-62.669333333333334,17.07517475427086,0.21944983009507266,-0.0004193333333333339,0.18681133333333333,0.23140751390758446,5.116910582045416e-05
10,3.66,-62.33266666666667,17.1352968913747,0.21919018151897315,0.00023600000000000042,0.18668133333333334,0.23119734204931222,5.0826083200971446e-05
10,3.675,-62.026666666666664,17.109134662188175,0.21674116443251576,-0.002084666666666666,0.1846086666666667,0.22909378173917241,5.008965131489039e-05
10,3.69,-61.602666666666664,17.05348428392926,0.21358636189674177,0.0011226666666666666,0.18329600000000004,0.22811954384975922,4.997930366034324e-05
10,3.705,-61.313066666666664,17.091209902429053,0.21279880813860938,0.001755333333333333,0.18304466666666663,0.2271578573112148,4.884864598710454e-05
10,3.72,-60.98266666666667,17.016469460169724,0.20924401151064323,-0.0010793333333333336,0.18247133333333335,0.22643037569980656,4.832282933213858e-05
10,3.735,-60.510133333333336,17.025409363131985,0.20778486653958778,-0.0022220000000000005,0.18019666666666664,0.22307083191070354,4.6304403361594596e-05
10,3.75,-60.4836,17.092602621407114,0.20775613466548126,0.00047799999999999975,0.18020066666666668,0.2238257019408927,4.7002381509925913e-05
10,3.765,-60.1088,16.99737712785907,0.20381392833388284,-0.0005186666666666666,0.17912,0.22276606036727306,4.6589674015050916e-05
10,3.78,-59.751866666666665,16.847164841071102,0.19864152961998735,0.0026826666666666665,0.17808133333333334,0.2208755983947123,4.5185887261610817e-05
10,3.795,-59.49146666666667,16.899500796834865,0.19830067451085687,-0.0014033333333333335,0.17714600000000003,0.21999670601069363,4.484799653227931e-05
10,3.81,-59.44266666666667,16.767326746450138,0.19367684586233352,0.00025133333333333317,0.17740200000000003,0.22026717904601423,4.474074469641292e-05
10,3.825,-58.96906666666667,16.88140919657545,0.19478455394914573,4.80000000000001e-05,0.17526933333333333,0.2178421393945625,4.375388442585329e-05
10,3.84,-58.57026666666667,16.921879207962952,0.1941935193745177,-0.000768,0.1751426666666667,0.21782561108066853,4.3681335884259246e-05
10,3.855,-58.2944,16.807736174353366,0.1900945562682697,-0.0002706666666666666,0.17323733333333335,0.2154647846081169,4.2578399497333893e-05
10,3.87,-58.23506666666667,16.837108134382486,0.18928363702027037,-0.0010559999999999994,0.17448933333333333,0.2164797870410384,4.242399453804192e-05
10,3.885,-57.818933333333334,16.757351069373172,0.1860495784447806,-0.0013926666666666666,0.17248066666666667,0.2138147963687785,4.1104572182468186e-05
10,3.9,-57.4984,16.767877944848397,0.1848532089239537,-0.0008606666666666665,0.17137666666666668,0.2127287300442096,4.0728952450142464e-05
10,3.915,-57.1676,16.697925327417177,0.18191206186377487,0.0005120000000000004,0.169056,0.21009732155043448,3.974767696211151e-05
10,3.93,-56.918933333333335,16.617848683335104,0.17879875872438292,0.00301,0.16955133333333333,0.21057241011110645,3.970011543228724e-05
10,3.945,-56.5868,16.683746554456327,0.17885173293324014,0.0024479999999999997,0.1676746666666667,0.2089296068759364,3.9398680586959556e-05
10,3.96,-56.3644,16.70730018006101,0.1780008923239122,-0.0015573333333333333,0.16825333333333334,0.20932412198841832,3.916623524130191e-05
10,3.975,-56.2064,16.544439117318746,0.17323268269873274,0.0004520000000000001,0.166856,0.2082869391712628,3.9101204018448623e-05
10,3.99,-55.9216,16.72389867146215,0.17568280775455775,-0.00035133333333333316,0.16851000000000005,0.20906903939023483,3.8381871094402615e-05
10,4.005,-55.7332,16.51342134224966,0.17000789239833924,-0.0012320000000000002,0.16527333333333336,0.20566166919482104,3.7410649909834916e-05
10,4.02,-55.34973333333333,16.53489501817965,0.1691806844275032,0.0012406666666666666,0.16509533333333334,0.2051486471144494,3.6893128304035366e-05
10,4.035,-55.0716,16.411165105094355,0.1654214225936113,-0.0014479999999999994,0.16516533333333336,0.20541576528916503,3.697186120996831e-05
10,4.05,-54.92946666666667,16.586262138153838,0.16772083018780987,0.0031753333333333334,0.16416733333333336,0.20415493444495095,3.6391127570919036e-05
10,4.065,-54.51866666666667,16.40327766704637,0.16283215595419576,8.999999999999973e-05,0.16266066666666668,0.20251401243699987,3.580182251633183e-05
10,4.08,-54.3732,16.469427892107646,0.16294337219659139,0.0003939999999999997,0.16416066666666668,0.20379458145560858,3.574427006427015e-05
10,4.095,-54.0652,16.42703510355211,0.16092019798010532,-0.0006939999999999995,0.16190333333333337,0.20132696051613821,3.4970298711165346e-05
10,4.11,-53.8564,16.392898229822976,0.15908449060408916,-0.0018986666666666672,0.16146933333333335,0.20081021321525347,3.468613396485534e-05
10,4.125,-53.645466666666664,16.48421182370843,0.15969395155857577,-0.0002113333333333332,0.160186,0.19968761104507432,3.446213835313132e-05
10,4.14,-53.33866666666667,16.344001087724987,0.1558533288732267,0.0009493333333333335,0.16047600000000004,0.19929998854211933,3.374115963929143e-05
10,4.155,-53.052,16.372512411559402,0.15527037447331454,0.0005320000000000006,0.15818400000000002,0.19710108314263522,3.327783909506617e-05
10,4.17,-52.949333333333335,16.36070392400305,0.1539330451546038,-8.733333333333343e-05,0.15802333333333335,0.1970821293426226,3.3261389581667984e-05
10,4.185,-52.803333333333335,16.27023423993097,0.15114600972764822,-0.0009586666666666668,0.15753466666666668,0.19596098495590616,3.2459869689101275e-05
10,4.2,-52.41413333333333,16.27173296186433,0.15009597141849343,0.000338,0.1571246666666667,0.19605327275003598,3.273533124973543e-05
10,4.215,-52.21693333333333,16.32991140807431,0.15009716841678844,0.0027626666666666663,0.15597066666666667,0.19451723404252785,3.207055232792935e-05
10,4.23,-51.76866666666667,16.26550803250718,0.14786130339718856,-0.0004986666666666668,0.15674933333333335,0.1945945305797559,3.143481441975308e-05
10,4.245,-51.62186666666667,16.26572516619601,0.14682211327799022,0.0011026666666666663,0.15436133333333338,0.19276351001392586,3.1405336721371524e-05
10,4.26,-51.65026666666667,16.205771192044175,0.14471721876660762,-0.000796,0.15524533333333335,0.19328350434185188,3.1122143532603024e-05
10,4.275,-51.31133333333333,16.20261310886474,0.14364743835330165,-0.0013840000000000002,0.153928,0.1924683295436767,3.12330857294347e-05
10,4.29,-51.273066666666665,16.257186142202535,0.1436071860412749,-0.0006980000000000002,0.15437266666666669,0.19292487172299308,3.1211126152810146e-05
10,4.305,-50.73693333333333,16.074820764025816,0.1394267058915401,-0.00013133333333333332,0.15149,0.18882315205386113,2.9512148432055748e-05
10,4.32,-50.7504,15.995835911469792,0.13710281984453598,0.0004766666666666666,0.15375000000000003,0.19093126020173393,2.966646026234568e-05
10,4.335,-50.4052,16.17619896514629,0.13924344400942415,-0.0013633333333333336,0.15271800000000002,0.19044003777800741,2.9865003789311786e-05
10,4.35,-50.3304,16.108288834427242,0.13712615625489954,-0.0023659999999999996,0.15146866666666667,0.18909465542597093,2.947041306871009e-05
10,4.365,-50.107733333333336,16.178673004778716,0.137378034529879,0.0018213333333333334,0.15140533333333336,0.1888440346199889,2.9190863012345655e-05
10,4.38,-50.0124,16.14358426455125,0.1358475182474651,-0.0009186666666666666,0.15173600000000004,0.18910958741310702,2.908553950684929e-05
10,4.395,-49.546933333333335,16.06910277298919,0.13367971098033324,-0.00014933333333333316,0.15088933333333335,0.18828051155892075,2.8855477632663368e-05
10,4.41,-49.56133333333333,16.152262118835104,0.13414964523812392,0.0009480000000000004,0.15069066666666667,0.18732455248222715,2.8080974254472163e-05
10,4.425,-49.59413333333333,16.044423919716017,0.13146849955788215,-0.0006433333333333332,0.15069933333333338,0.18796680413188804,2.852348986716884e-05
10,4.44,-49.1236,16.014790758545676,0.1300997905202498,-0.00010599999999999969,0.14927933333333337,0.18594458519677307,2.768261405305302e-05
10,4.455,-48.75613333333333,16.043789942390656,0.1296935917174265,0.0007593333333333336,0.147402,0.1841068441953084,2.7314381734380847e-05
10,4.47,-48.672133333333335,15.976481781529861,0.12774598247103772,4.3333333333333714e-05,0.14742200000000003,0.18372954250443474,2.6897764167039505e-05
10,4.485,-48.5996,15.98394026849033,0.12701142865996598,0.00043733333333333336,0.14716,0.18355808001707677,2.6839898327759194e-05
10,4.5,-48.177733333333336,15.938946353577524,0.12545679548751695,-0.0009933333333333333,0.14672133333333334,0.18274010676975708,2.6372852618271603e-05
